{
  "NoNovelty": {
    "coverage": {
      "mean": 0.01805555555555555,
      "std": 0.0007423923386456231,
      "values": [
        0.017857142857142856,
        0.017857142857142856,
        0.020833333333333332,
        0.017857142857142856,
        0.017857142857142856,
        0.017857142857142856,
        0.017857142857142856,
        0.017857142857142856,
        0.017857142857142856,
        0.017857142857142856,
        0.017857142857142856,
        0.017857142857142856,
        0.017857142857142856,
        0.017857142857142856,
        0.017857142857142856
      ]
    },
    "crit_ratio": {
      "mean": 1.0,
      "std": 0.0,
      "values": [
        1.0,
        1.0,
        1.0,
        1.0,
        1.0,
        1.0,
        1.0,
        1.0,
        1.0,
        1.0,
        1.0,
        1.0,
        1.0,
        1.0,
        1.0
      ]
    },
    "phys_viol_ratio": {
      "mean": 0.0,
      "std": 0.0,
      "values": [
        0.0,
        0.0,
        0.0,
        0.0,
        0.0,
        0.0,
        0.0,
        0.0,
        0.0,
        0.0,
        0.0,
        0.0,
        0.0,
        0.0,
        0.0
      ]
    },
    "mean_pfail": {
      "mean": 0.9034872849782308,
      "std": 0.004645133191877767,
      "values": [
        0.9079458713531494,
        0.9030066728591919,
        0.9030598402023315,
        0.8972402811050415,
        0.9015676975250244,
        0.9145336151123047,
        0.899814784526825,
        0.9064711928367615,
        0.9024755954742432,
        0.8945406079292297,
        0.9088802337646484,
        0.9040958285331726,
        0.9042827486991882,
        0.9031356573104858,
        0.901258647441864
      ]
    }
  }
}