{
  "summary": {
    "Random": {
      "coverage": {
        "mean": 0.7232142857142858,
        "std": 0.012438434935442435,
        "values": [
          0.7321428571428571,
          0.7113095238095238,
          0.7380952380952381,
          0.7291666666666666,
          0.7410714285714286,
          0.7113095238095238,
          0.7142857142857143,
          0.7202380952380952,
          0.75,
          0.7113095238095238,
          0.7232142857142857,
          0.7291666666666666,
          0.7172619047619048,
          0.7113095238095238,
          0.7083333333333334
        ]
      },
      "crit_ratio": {
        "mean": 0.15533333333333335,
        "std": 0.04096611065529924,
        "values": [
          0.19,
          0.19,
          0.18,
          0.11,
          0.19,
          0.21,
          0.14,
          0.18,
          0.09,
          0.15,
          0.2,
          0.12,
          0.12,
          0.08,
          0.18
        ]
      },
      "phys_viol_ratio": {
        "mean": 0.4799999999999999,
        "std": 0.046904157598234304,
        "values": [
          0.41,
          0.43,
          0.52,
          0.45,
          0.5,
          0.59,
          0.46,
          0.47,
          0.53,
          0.5,
          0.42,
          0.49,
          0.49,
          0.51,
          0.43
        ]
      },
      "mean_pfail": {
        "mean": 0.3952836235364278,
        "std": 0.013157399163351029,
        "values": [
          0.40525931119918823,
          0.4049006700515747,
          0.378391832113266,
          0.3775787055492401,
          0.39776545763015747,
          0.4082120656967163,
          0.40502306818962097,
          0.39742904901504517,
          0.3743922710418701,
          0.397928386926651,
          0.42393600940704346,
          0.387719988822937,
          0.3953530192375183,
          0.38075342774391174,
          0.39461109042167664
        ]
      }
    },
    "CT": {
      "coverage": {
        "mean": 0.3940476190476191,
        "std": 0.0037331126432989677,
        "values": [
          0.3898809523809524,
          0.39880952380952384,
          0.39285714285714285,
          0.39285714285714285,
          0.39285714285714285,
          0.3958333333333333,
          0.3958333333333333,
          0.3898809523809524,
          0.3869047619047619,
          0.39880952380952384,
          0.4017857142857143,
          0.39285714285714285,
          0.39285714285714285,
          0.39285714285714285,
          0.3958333333333333
        ]
      },
      "crit_ratio": {
        "mean": 0.2919999999999999,
        "std": 0.032903900478008175,
        "values": [
          0.29,
          0.31,
          0.22,
          0.3,
          0.28,
          0.34,
          0.35,
          0.26,
          0.24,
          0.3,
          0.3,
          0.29,
          0.32,
          0.28,
          0.3
        ]
      },
      "phys_viol_ratio": {
        "mean": 0.538,
        "std": 0.029709706606876257,
        "values": [
          0.59,
          0.55,
          0.48,
          0.52,
          0.55,
          0.5,
          0.55,
          0.56,
          0.5,
          0.55,
          0.59,
          0.53,
          0.53,
          0.54,
          0.53
        ]
      },
      "mean_pfail": {
        "mean": 0.4284958044687907,
        "std": 0.009132329009044319,
        "values": [
          0.43772655725479126,
          0.42811620235443115,
          0.4168044328689575,
          0.43941864371299744,
          0.4307708442211151,
          0.43990176916122437,
          0.43901386857032776,
          0.43014663457870483,
          0.42055264115333557,
          0.4324953854084015,
          0.4296717345714569,
          0.42438891530036926,
          0.434061735868454,
          0.4116651117801666,
          0.4127025902271271
        ]
      }
    },
    "PureGA": {
      "coverage": {
        "mean": 0.20892857142857138,
        "std": 0.023414379815868566,
        "values": [
          0.2261904761904762,
          0.2261904761904762,
          0.23809523809523808,
          0.20833333333333334,
          0.20833333333333334,
          0.19940476190476192,
          0.17261904761904762,
          0.2113095238095238,
          0.17857142857142858,
          0.23809523809523808,
          0.24107142857142858,
          0.21726190476190477,
          0.16071428571428573,
          0.2113095238095238,
          0.19642857142857142
        ]
      },
      "crit_ratio": {
        "mean": 0.9119999999999998,
        "std": 0.02879814808860689,
        "values": [
          0.93,
          0.96,
          0.86,
          0.91,
          0.92,
          0.87,
          0.9,
          0.94,
          0.91,
          0.9,
          0.87,
          0.94,
          0.9,
          0.92,
          0.95
        ]
      },
      "phys_viol_ratio": {
        "mean": 0.3406666666666667,
        "std": 0.04538232646698001,
        "values": [
          0.32,
          0.28,
          0.41,
          0.28,
          0.38,
          0.38,
          0.37,
          0.27,
          0.41,
          0.34,
          0.36,
          0.34,
          0.28,
          0.36,
          0.33
        ]
      },
      "mean_pfail": {
        "mean": 0.7523807048797607,
        "std": 0.01739691108369177,
        "values": [
          0.7501338124275208,
          0.7953508496284485,
          0.7346125245094299,
          0.7538479566574097,
          0.7607876658439636,
          0.7588213086128235,
          0.7516637444496155,
          0.7513847947120667,
          0.7579430937767029,
          0.7460850477218628,
          0.712150514125824,
          0.7431281208992004,
          0.7514285445213318,
          0.7452473640441895,
          0.7731252312660217
        ]
      }
    },
    "LSS-CO": {
      "coverage": {
        "mean": 0.22460317460317458,
        "std": 0.027468516529888066,
        "values": [
          0.16964285714285715,
          0.19940476190476192,
          0.22023809523809523,
          0.22023809523809523,
          0.2261904761904762,
          0.21726190476190477,
          0.24702380952380953,
          0.2648809523809524,
          0.20535714285714285,
          0.28273809523809523,
          0.19047619047619047,
          0.22321428571428573,
          0.22916666666666666,
          0.24702380952380953,
          0.2261904761904762
        ]
      },
      "crit_ratio": {
        "mean": 0.8486666666666667,
        "std": 0.05475602452901619,
        "values": [
          0.93,
          0.88,
          0.89,
          0.75,
          0.87,
          0.82,
          0.78,
          0.77,
          0.84,
          0.8,
          0.93,
          0.9,
          0.83,
          0.85,
          0.89
        ]
      },
      "phys_viol_ratio": {
        "mean": 0.28666666666666674,
        "std": 0.07345444544447638,
        "values": [
          0.11,
          0.27,
          0.34,
          0.28,
          0.3,
          0.22,
          0.38,
          0.35,
          0.28,
          0.39,
          0.21,
          0.37,
          0.32,
          0.23,
          0.25
        ]
      },
      "mean_pfail": {
        "mean": 0.7144955476125081,
        "std": 0.02960564117366877,
        "values": [
          0.7759893536567688,
          0.7160341739654541,
          0.7139602899551392,
          0.6737217903137207,
          0.7067971229553223,
          0.7241613268852234,
          0.6835346817970276,
          0.6862484216690063,
          0.7040871381759644,
          0.6691378951072693,
          0.7668554186820984,
          0.7280989289283752,
          0.7057739496231079,
          0.7268335223197937,
          0.7361992001533508
        ]
      }
    }
  },
  "sig_tests": {
    "Random": {
      "coverage": {
        "U": 0.0,
        "p": 0.9999986626412325,
        "alternative": "greater"
      },
      "crit_ratio": {
        "U": 225.0,
        "p": 1.6497393652536303e-06,