{"rmse": 0.03695105522609983, "r2": 0.9015212583502997, "n_train": 8000, "test_size": 0.2}